date,top_1pct,pct_90_99,pct_50_90,bottom_50pct
1989-07-01,4661748,7765993,7294919,717863
1989-10-01,4780071,7893154,7432488,710227
1990-01-01,4754803,7865640,7512522,734036
1990-04-01,4846163,7952464,7618450,712464
1990-07-01,4721261,7858272,7685969,744277
1990-10-01,4902343,7988883,7793414,768265
1991-01-01,5087571,8138209,7931080,776767
1991-04-01,5089145,8137095,8010778,780677
1991-07-01,5170361,8196772,8150884,834580
1991-10-01,5418376,8373301,8301050,855119
1992-01-01,5388382,8347873,8360383,873581
1992-04-01,5342567,8395855,8451948,890141
1992-07-01,5391636,8516461,8605236,955586
1992-10-01,5655731,8710183,8737149,967268
1993-01-01,5859716,8817399,8786345,921181
1993-04-01,5964303,8864546,8889448,936726
1993-07-01,6145046,8962488,9025633,947499
1993-10-01,6368840,9070348,9133796,943038
1994-01-01,6458327,9087404,9197722,905930
1994-04-01,6563252,9104536,9278374,890873
1994-07-01,6704997,9174040,9400644,914113
1994-10-01,6868530,9181352,9429853,916973
1995-01-01,7087177,9328946,9560511,940769
1995-04-01,7328980,9409432,9750266,988521
1995-07-01,7619192,9455381,9787954,1024037
1995-10-01,7843064,9720644,9979942,1016400
1996-01-01,7944435,9931172,10185292,1011027
1996-04-01,8046447,10100535,10360228,1017574
1996-07-01,8060151,10235032,10496031,1029677
1996-10-01,8270954,10503500,10662618,1026545
1997-01-01,8251179,10651750,10766588,1042320
1997-04-01,8704550,11149888,11104009,1077548
1997-07-01,9000246,11518904,11367512,1107183
1997-10-01,9192379,11750462,11487076,1096674
1998-01-01,9738601,12346081,11884421,1157287
1998-04-01,9945960,12612622,12102146,1153264
1998-07-01,9531680,12355541,12079507,1216244
1998-10-01,10297784,13204427,12495219,1207743
1999-01-01,10270565,13342113,12649890,1250204
1999-04-01,10641526,13794375,12932824,1232026
1999-07-01,10494195,13758164,13011950,1246301
1999-10-01,11451276,14708213,13494644,1302398
2000-01-01,11696949,15090332,13898280,1346421
2000-04-01,11515792,15098486,14065071,1349684
2000-07-01,11593409,15282815,14322877,1377520
2000-10-01,11221026,15070018,14392169,1324912
2001-01-01,10887090,14961747,14680176,1327814
2001-04-01,11248194,15463961,15066867,1323386
2001-07-01,10726392,15032812,14994854,1318918
2001-10-01,11217151,15691338,15401664,1285467
2002-01-01,11332169,15947571,15636154,1299888
2002-04-01,11083294,15784673,15527182,1267174
2002-07-01,10532606,15388333,15385209,1258456
2002-10-01,10777398,15731167,15662699,1265733
2003-01-01,10749795,15856853,15792075,1224891
2003-04-01,11487265,16571329,16168595,1202575
2003-07-01,11801941,16933784,16357402,1230278
2003-10-01,12459073,17647485,16780407,1238703
2004-01-01,13424558,18460047,17370239,1266156
2004-04-01,13625109,18734909,17625306,1313745
2004-07-01,14041081,19168213,17927991,1300621
2004-10-01,14776008,19967234,18503109,1344363
2005-01-01,14926924,20353835,18788757,1366620
2005-04-01,15437202,20984896,19102576,1381880
2005-07-01,15908463,21623505,19505499,1453043
2005-10-01,16252495,22131617,19918311,1514611
2006-01-01,17160038,22912022,20078915,1483027
2006-04-01,17133822,23029383,20139947,1491000
2006-07-01,17494338,23479051,20347638,1487124
2006-10-01,18059210,24077903,20574168,1467174
2007-01-01,18528680,24493497,20593387,1415030
2007-04-01,18841679,24839830,20572392,1377626
2007-07-01,19238954,25218217,20628184,1327466
2007-10-01,19038077,25013637,20500760,1117505
2008-01-01,18414436,24334374,20044092,953074
2008-04-01,18076649,24018430,19712699,942388
2008-07-01,17241171,23275240,19242097,740696
2008-10-01,15880012,22343195,18735762,583311
2009-01-01,15196929,21802646,18370749,419384
2009-04-01,15454055,22191618,18366134,424999
2009-07-01,16258582,22952963,18554569,386268
2009-10-01,16299527,23137845,18573805,335825
2010-01-01,16746916,23624326,18790116,326158
2010-04-01,16480243,23446442,18555304,307104
2010-07-01,17273179,24315510,18850061,331082
2010-10-01,17977021,24972986,19181117,249057
2011-01-01,18472191,25336378,19347913,256958
2011-04-01,18669609,25453029,19442398,279852
2011-07-01,17883162,24647883,19216439,290788
2011-10-01,18423802,25160440,19516924,272062
2012-01-01,19256829,25874930,19855557,293511
2012-04-01,19251194,25816396,19887540,369325
2012-07-01,19945300,26425355,20324888,401128
2012-10-01,19708297,26544026,20515021,490982
2013-01-01,20715462,27635914,21216865,472895
2013-04-01,20895601,28010993,21553853,570352
2013-07-01,21609641,28820360,22195058,669974
2013-10-01,22271647,29622971,22649714,685438
2014-01-01,22958184,30251160,22928803,726645
2014-04-01,23783802,31016247,23260572,823760
2014-07-01,23964885,31255952,23413761,841523
2014-10-01,24578364,31829804,23641737,835305
2015-01-01,25121164,32404529,23975117,883314
2015-04-01,25436298,32740852,24092873,916256
2015-07-01,24929980,32370121,24005309,923020
2015-10-01,25417165,32903345,24379532,1007917
2016-01-01,25795156,33362637,24653894,1035519
2016-04-01,26452281,33991832,24962930,1041777
2016-07-01,26992378,34535691,25388865,1165719
2016-10-01,27050104,34825274,25693250,1152509
2017-01-01,27771153,35759940,26285255,1220874
2017-04-01,28401604,36537839,26683441,1299888
2017-07-01,28834098,37214022,27147704,1346111
2017-10-01,29680970,38201671,27709794,1402516
2018-01-01,29809681,38622752,28140838,1493027
2018-04-01,30134445,39175106,28403123,1567438
2018-07-01,30835084,40027514,28863885,1594706
2018-10-01,28912901,38528579,28051779,1552057
2019-01-01,30907955,40514949,28851565,1617305
2019-04-01,31644634,41501936,29631540,1683717
2019-07-01,31606400,41696445,29749335,1806135
2019-10-01,32683307,42559346,30539037,1864152
2020-01-01,29517155,40008515,30323966,1930119
2020-04-01,32286198,42452416,32120453,2210989
2020-07-01,33914541,43934146,33572775,2412331
2020-10-01,36984913,46594544,35523991,2699841
2021-01-01,38878986,48237065,37245407,2959679
2021-04-01,41325002,50551196,39468193,3162953
2021-07-01,42238319,51422450,40747467,3319237
2021-10-01,43722356,52695587,41916875,3472527
2022-01-01,43275124,52429373,43114928,3643052
2022-04-01,40121724,49903500,42979438,3731726
2022-07-01,39035250,48495078,42024565,3619323
2022-10-01,39861223,48956956,41821160,3478716
2023-01-01,41235706,50307172,42536952,3592764
2023-04-01,42957396,52209547,44467917,3689059
2023-07-01,42355200,51845433,44410351,3655440
2023-10-01,44323223,53539698,45073660,3672420
2024-01-01,46246464,55433211,46475511,3801688
2024-04-01,47020536,56362105,47596058,3833225
2024-07-01,48863887,57891090,48092502,3840483
2024-10-01,49282288,58139783,48053589,3896629
2025-01-01,49116849,58101603,48311524,3875405
2025-04-01,51567387,60426018,49857103,3997218
2025-07-01,53941887,62302671,50455723,4079083
2025-10-01,54789114,62926592,50614358,4135838
2026-01-01,54829515,63028494,51109435,4153074
2026-04-01,60313023,67634079,53425884,4278038
